/ottawa.html /projects/ottawa-drop-ins/ 301
/acronyms.html /projects/acronyms/ 301
/claudie-web-design.html /projects/claudie-web-design/ 301
/dance.html /projects/ottawa-adult-dance-classes/ 301
/efficient-public-servant.html /projects/efficient-public-servant/ 301
/library.html /projects/library/ 301